[
  {
    "model": "auth.user",
    "pk": 1,
    "fields": {
      "password": "password",
      "last_login": "2022-12-28 23:54:30",
      "is_superuser": 0,
      "username": "testerq",
      "first_name": "tester",
      "last_name": "questions",
      "email": "testerq@test.com",
      "is_staff": 0,
      "date_joined": "2022-12-20 23:56:15"
    }
  },
  {
    "model": "auth.user",
    "pk": 2,
    "fields": {
      "password": "password",
      "last_login": "2022-12-28 23:54:40",
      "is_superuser": 0,
      "username": "testera",
      "first_name": "tester",
      "last_name": "answers",
      "email": "testera@test.com",
      "is_staff": 0,
      "date_joined": "2022-12-22 23:56:35"
    }
  },
  {
    "model": "qa.question",
    "pk": 1,
    "fields": {
      "title": "Lorem ipsum dolor sit amet",
      "text": "Lorem ipsum dolor sit amet, consectetur adipiscing elit. Quisque porttitor tortor et posuere scelerisque. Sed semper porta nulla vitae mattis. Duis ac viverra erat, in convallis risus. Fusce scelerisque egestas neque.",
      "added_at": "2022-12-28 22:53:00",
      "rating": 1000,
      "author_id": 1
    }
  },
  {
    "model": "qa.question",
    "pk": 2,
    "fields": {
      "title": "Nunc interdum volutpat turpis et convallis.",
      "text": "Nunc interdum volutpat turpis et convallis. Aliquam ac feugiat sem. Ut fermentum posuere sapien, in porttitor justo aliquet eget.",
      "added_at": "2022-12-28 22:53:05",
      "rating": 1001,
      "author_id": 1
    }
  },
  {
    "model": "qa.question",
    "pk": 3,
    "fields": {
      "title": "Pellentesque sit amet vestibulum metus.",
      "text": "Pellentesque sit amet vestibulum metus. Nulla quis auctor est, id consectetur magna.",
      "added_at": "2022-12-28 22:53:10",
      "rating": 1002,
      "author_id": 1
    }
  },
  {
    "model": "qa.question",
    "pk": 4,
    "fields": {
      "title": "Maecenas tincidunt nisi massa, a euismod ligula sollicitudin nec.",
      "text": "Maecenas tincidunt nisi massa, a euismod ligula sollicitudin nec. Aliquam bibendum nulla sem, vel cursus odio posuere eu. Proin nulla leo, venenatis ac odio ut, semper mollis turpis.",
      "added_at": "2022-12-28 22:53:15",
      "rating": 1003,
      "author_id": 1
    }
  },
  {
    "model": "qa.question",
    "pk": 5,
    "fields": {
      "title": "Maecenas placerat, arcu at dictum congue",
      "text": "Maecenas placerat, arcu at dictum congue, lorem augue commodo purus, sed blandit neque urna facilisis leo.",
      "added_at": "2022-12-28 22:53:20",
      "rating": 1004,
      "author_id": 1
    }
  },
  {
    "model": "qa.question",
    "pk": 6,
    "fields": {
      "title": "Praesent nec vehicula dui.",
      "text": "Praesent nec vehicula dui. Vestibulum porta enim vitae arcu molestie fringilla.",
      "added_at": "2022-12-28 22:53:25",
      "rating": 1005,
      "author_id": 1
    }
  },
  {
    "model": "qa.question",
    "pk": 7,
    "fields": {
      "title": "Nam non pretium odio, id pretium lectus.",
      "text": "Nam non pretium odio, id pretium lectus. Nam dapibus lacinia scelerisque. Quisque molestie massa sit amet nunc gravida, ut scelerisque ligula lacinia.",
      "added_at": "2022-12-28 22:53:30",
      "rating": 1006,
      "author_id": 1
    }
  },
  {
    "model": "qa.question",
    "pk": 8,
    "fields": {
      "title": "Nunc ac nunc sapien.",
      "text": "Nunc ac nunc sapien. Phasellus blandit suscipit sollicitudin. In aliquam pellentesque enim eget euismod.",
      "added_at": "2022-12-28 22:53:35",
      "rating": 1007,
      "author_id": 1
    }
  },
  {
    "model": "qa.question",
    "pk": 9,
    "fields": {
      "title": "Duis facilisis massa lectus, sit amet euismod lacus mollis et.",
      "text": "Duis facilisis massa lectus, sit amet euismod lacus mollis et. Aenean id sagittis justo. Duis ac tellus vulputate, porta mi vel, faucibus leo.",
      "added_at": "2022-12-28 22:53:40",
      "rating": 1008,
      "author_id": 1
    }
  },
  {
    "model": "qa.question",
    "pk": 10,
    "fields": {
      "title": "Vivamus mattis mi sit amet eros hendrerit auctor.",
      "text": "Vivamus mattis mi sit amet eros hendrerit auctor. Duis tincidunt odio ac est laoreet accumsan.",
      "added_at": "2022-12-28 22:53:45",
      "rating": 1009,
      "author_id": 1
    }
  },
  {
    "model": "qa.question",
    "pk": 11,
    "fields": {
      "title": "Aenean pulvinar tortor eu commodo consequat.",
      "text": "Aenean pulvinar tortor eu commodo consequat. Nulla vestibulum lobortis turpis vel sodales.",
      "added_at": "2022-12-28 22:53:50",
      "rating": 1010,
      "author_id": 1
    }
  },
  {
    "model": "qa.question",
    "pk": 12,
    "fields": {
      "title": "Aliquam eget hendrerit mi.",
      "text": "Aliquam eget hendrerit mi. Nunc in tempus erat. Proin blandit metus in nunc facilisis, a vulputate leo gravida.",
      "added_at": "2022-12-28 22:53:55",
      "rating": 1011,
      "author_id": 1
    }
  },
  {
    "model": "qa.question",
    "pk": 13,
    "fields": {
      "title": "Aenean accumsan ut tellus eu posuere.",
      "text": "Aenean accumsan ut tellus eu posuere. Maecenas aliquet fringilla pellentesque.",
      "added_at": "2022-12-28 22:54:00",
      "rating": 1012,
      "author_id": 1
    }
  },
  {
    "model": "qa.question",
    "pk": 14,
    "fields": {
      "title": "Proin vestibulum lobortis justo.",
      "text": "Proin vestibulum lobortis justo, at laoreet tellus sagittis ut. Cras varius vestibulum ipsum, id tincidunt nulla dignissim quis.",
      "added_at": "2022-12-28 22:54:05",
      "rating": 1013,
      "author_id": 1
    }
  },
  {
    "model": "qa.question",
    "pk": 15,
    "fields": {
      "title": "Aenean scelerisque condimentum massa.",
      "text": "Aenean scelerisque condimentum massa, quis pretium est commodo sed.",
      "added_at": "2022-12-28 22:54:10",
      "rating": 1014,
      "author_id": 1
    }
  },
  {
    "model": "qa.question",
    "pk": 16,
    "fields": {
      "title": "Praesent pulvinar, dui eu volutpat fermentum.",
      "text": "Praesent pulvinar, dui eu volutpat fermentum, erat orci sollicitudin nisl, in efficitur dui justo sit amet orci.",
      "added_at": "2022-12-28 22:54:15",
      "rating": 1015,
      "author_id": 1
    }
  },
  {
    "model": "qa.question",
    "pk": 17,
    "fields": {
      "title": "Etiam tempor lobortis vehicula.",
      "text": "Etiam tempor lobortis vehicula. Proin sagittis cursus pulvinar. Suspendisse elementum id leo a auctor.",
      "added_at": "2022-12-28 22:54:20",
      "rating": 1016,
      "author_id": 1
    }
  },
  {
    "model": "qa.question",
    "pk": 18,
    "fields": {
      "title": "Curabitur at ex nec leo dapibus mattis et aliquet ipsum.",
      "text": "Curabitur at ex nec leo dapibus mattis et aliquet ipsum.",
      "added_at": "2022-12-28 22:54:25",
      "rating": 1017,
      "author_id": 1
    }
  },
  {
    "model": "qa.question",
    "pk": 19,
    "fields": {
      "title": "Maecenas commodo lacus nec diam consectetur tincidunt.",
      "text": "Maecenas commodo lacus nec diam consectetur tincidunt. Phasellus in euismod orci. Sed risus nisl, blandit non lacinia hendrerit, faucibus sit amet dui.",
      "added_at": "2022-12-28 22:54:30",
      "rating": 1018,
      "author_id": 1
    }
  },
  {
    "model": "qa.question",
    "pk": 20,
    "fields": {
      "title": "Nunc semper, quam eleifend blandit vulputate.",
      "text": "Nunc semper, quam eleifend blandit vulputate, augue tellus posuere augue, sed porttitor nibh sem a nunc. Curabitur sit amet odio non eros pretium commodo vitae sed sem.",
      "added_at": "2022-12-28 22:54:35",
      "rating": 1019,
      "author_id": 1
    }
  },
  {
    "model": "qa.question",
    "pk": 21,
    "fields": {
      "title": "Ut a malesuada ligula, ac viverra dui.",
      "text": "Ut a malesuada ligula, ac viverra dui. Morbi tempus odio id interdum imperdiet.",
      "added_at": "2022-12-28 22:54:40",
      "rating": 1020,
      "author_id": 1
    }
  },
  {
    "model": "qa.question",
    "pk": 22,
    "fields": {
      "title": "Aenean consequat cursus tortor.",
      "text": "Aenean consequat cursus tortor, ac interdum magna pulvinar sit amet. Ut venenatis velit ut orci interdum laoreet.",
      "added_at": "2022-12-28 22:54:45",
      "rating": 1021,
      "author_id": 1
    }
  },
  {
    "model": "qa.question",
    "pk": 23,
    "fields": {
      "title": "In quis fringilla augue, sed dapibus dui.",
      "text": "In quis fringilla augue, sed dapibus dui. Nam lobortis purus eget purus scelerisque, ut dapibus nibh aliquam.",
      "added_at": "2022-12-28 22:54:50",
      "rating": 1022,
      "author_id": 1
    }
  },
  {
    "model": "qa.question",
    "pk": 24,
    "fields": {
      "title": "Lorem ipsum dolor sit amet, consectetur adipiscing elit.",
      "text": "Lorem ipsum dolor sit amet, consectetur adipiscing elit. Sed a purus et nibh semper maximus.",
      "added_at": "2022-12-28 22:54:55",
      "rating": 1023,
      "author_id": 1
    }
  },
  {
    "model": "qa.question",
    "pk": 25,
    "fields": {
      "title": "Nulla condimentum arcu ex.",
      "text": "Nulla condimentum arcu ex, et congue orci vestibulum id.",
      "added_at": "2022-12-28 22:55:00",
      "rating": 1024,
      "author_id": 1
    }
  },
  {
    "model": "qa.question",
    "pk": 26,
    "fields": {
      "title": "Praesent sollicitudin dictum iaculis.",
      "text": "Praesent sollicitudin dictum iaculis. Etiam eleifend turpis eget molestie ultricies.",
      "added_at": "2022-12-28 22:55:05",
      "rating": 1025,
      "author_id": 1
    }
  },
  {
    "model": "qa.question",
    "pk": 27,
    "fields": {
      "title": "Maecenas at metus egestas.",
      "text": "Maecenas at metus egestas, volutpat risus eleifend, auctor erat. Donec sagittis odio eros, aliquam elementum arcu dignissim id.",
      "added_at": "2022-12-28 22:55:10",
      "rating": 1026,
      "author_id": 1
    }
  },
  {
    "model": "qa.question",
    "pk": 28,
    "fields": {
      "title": "Lorem ipsum dolor sit amet",
      "text": "Lorem ipsum dolor sit amet, consectetur adipiscing elit. Quisque porttitor tortor et posuere scelerisque. Sed semper porta nulla vitae mattis. Duis ac viverra erat, in convallis risus. Fusce scelerisque egestas neque.",
      "added_at": "2022-12-28 22:55:15",
      "rating": 1027,
      "author_id": 1
    }
  },
  {
    "model": "qa.question",
    "pk": 29,
    "fields": {
      "title": "Nunc interdum volutpat turpis et convallis.",
      "text": "Nunc interdum volutpat turpis et convallis. Aliquam ac feugiat sem. Ut fermentum posuere sapien, in porttitor justo aliquet eget.",
      "added_at": "2022-12-28 22:55:20",
      "rating": 1028,
      "author_id": 1
    }
  },
  {
    "model": "qa.question",
    "pk": 30,
    "fields": {
      "title": "Pellentesque sit amet vestibulum metus.",
      "text": "Pellentesque sit amet vestibulum metus. Nulla quis auctor est, id consectetur magna.",
      "added_at": "2022-12-28 22:55:25",
      "rating": 1029,
      "author_id": 1
    }
  },
  {
    "model": "qa.answer",
    "pk": 1,
    "fields": {
      "text": "Maecenas at metus egestas, volutpat risus eleifend, auctor erat. Donec sagittis odio eros, aliquam elementum arcu dignissim id.",
      "added_at": "2022-12-28 22:55:00",
      "author_id": 2,
      "question_id": 1
    }
  },
  {
    "model": "qa.answer",
    "pk": 2,
    "fields": {
      "text": "Praesent sollicitudin dictum iaculis. Etiam eleifend turpis eget molestie ultricies.",
      "added_at": "2022-12-28 22:55:05",
      "author_id": 2,
      "question_id": 1
    }
  },
  {
    "model": "qa.answer",
    "pk": 3,
    "fields": {
      "text": "Nulla condimentum arcu ex, et congue orci vestibulum id",
      "added_at": "2022-12-28 22:55:10",
      "author_id": 2,
      "question_id": 1
    }
  },
  {
    "model": "qa.answer",
    "pk": 4,
    "fields": {
      "text": "Nam lobortis purus eget purus scelerisque, ut dapibus nibh aliquam. Lorem ipsum dolor sit amet, consectetur adipiscing elit. Sed a purus et nibh semper maximus.",
      "added_at": "2022-12-28 22:55:15",
      "author_id": 2,
      "question_id": 1
    }
  },
  {
    "model": "qa.answer",
    "pk": 5,
    "fields": {
      "text": "Aenean consequat cursus tortor, ac interdum magna pulvinar sit amet. Ut venenatis velit ut orci interdum laoreet. In quis fringilla augue, sed dapibus dui.",
      "added_at": "2022-12-28 22:55:20",
      "author_id": 2,
      "question_id": 2
    }
  },
  {
    "model": "qa.answer",
    "pk": 6,
    "fields": {
      "text": "Ut a malesuada ligula, ac viverra dui. Morbi tempus odio id interdum imperdiet.",
      "added_at": "2022-12-28 22:55:25",
      "author_id": 2,
      "question_id": 2
    }
  },
  {
    "model": "qa.answer",
    "pk": 7,
    "fields": {
      "text": "Nunc semper, quam eleifend blandit vulputate, augue tellus posuere augue, sed porttitor nibh sem a nunc. Curabitur sit amet odio non eros pretium commodo vitae sed sem.",
      "added_at": "2022-12-28 22:55:30",
      "author_id": 2,
      "question_id": 3
    }
  },
  {
    "model": "qa.answer",
    "pk": 8,
    "fields": {
      "text": "Phasellus in euismod orci. Sed risus nisl, blandit non lacinia hendrerit, faucibus sit amet dui",
      "added_at": "2022-12-28 22:55:35",
      "author_id": 2,
      "question_id": 4
    }
  },
  {
    "model": "qa.answer",
    "pk": 9,
    "fields": {
      "text": "Curabitur at ex nec leo dapibus mattis et aliquet ipsum. Maecenas commodo lacus nec diam consectetur tincidunt",
      "added_at": "2022-12-28 22:55:40",
      "author_id": 2,
      "question_id": 4
    }
  },
  {
    "model": "qa.answer",
    "pk": 10,
    "fields": {
      "text": "Etiam tempor lobortis vehicula. Proin sagittis cursus pulvinar. Suspendisse elementum id leo a auctor.",
      "added_at": "2022-12-28 22:55:45",
      "author_id": 2,
      "question_id": 4
    }
  },
  {
    "model": "qa.answer",
    "pk": 11,
    "fields": {
      "text": "Praesent pulvinar, dui eu volutpat fermentum, erat orci sollicitudin nisl, in efficitur dui justo sit amet orci.",
      "added_at": "2022-12-28 22:55:50",
      "author_id": 2,
      "question_id": 5
    }
  },
  {
    "model": "qa.answer",
    "pk": 12,
    "fields": {
      "text": "Cras varius vestibulum ipsum, id tincidunt nulla dignissim quis. Aenean scelerisque condimentum massa, quis pretium est commodo sed.",
      "added_at": "2022-12-28 22:55:55",
      "author_id": 2,
      "question_id": 5
    }
  },
  {
    "model": "qa.answer",
    "pk": 13,
    "fields": {
      "text": "Aenean accumsan ut tellus eu posuere. Maecenas aliquet fringilla pellentesque. Proin vestibulum lobortis justo, at laoreet tellus sagittis ut.",
      "added_at": "2022-12-28 22:56:00",
      "author_id": 2,
      "question_id": 5
    }
  },
  {
    "model": "qa.answer",
    "pk": 14,
    "fields": {
      "text": "Aliquam eget hendrerit mi. Nunc in tempus erat. Proin blandit metus in nunc facilisis, a vulputate leo gravida.",
      "added_at": "2022-12-28 22:56:05",
      "author_id": 2,
      "question_id": 5
    }
  },
  {
    "model": "qa.answer",
    "pk": 15,
    "fields": {
      "text": "Aenean pulvinar tortor eu commodo consequat. Nulla vestibulum lobortis turpis vel sodales.",
      "added_at": "2022-12-28 22:56:10",
      "author_id": 2,
      "question_id": 5
    }
  },
  {
    "model": "qa.answer",
    "pk": 16,
    "fields": {
      "text": "Aenean id sagittis justo. Duis ac tellus vulputate, porta mi vel, faucibus leo. Vivamus mattis mi sit amet eros hendrerit auctor. Duis tincidunt odio ac est laoreet accumsan.",
      "added_at": "2022-12-28 22:56:15",
      "author_id": 2,
      "question_id": 30
    }
  },
  {
    "model": "qa.answer",
    "pk": 17,
    "fields": {
      "text": "Phasellus blandit suscipit sollicitudin. In aliquam pellentesque enim eget euismod. Duis facilisis massa lectus, sit amet euismod lacus mollis et.",
      "added_at": "2022-12-28 22:56:20",
      "author_id": 2,
      "question_id": 30
    }
  },
  {
    "model": "qa.answer",
    "pk": 18,
    "fields": {
      "text": "Quisque molestie massa sit amet nunc gravida, ut scelerisque ligula lacinia. Nunc ac nunc sapien",
      "added_at": "2022-12-28 22:56:25",
      "author_id": 2,
      "question_id": 30
    }
  },
  {
    "model": "qa.answer",
    "pk": 19,
    "fields": {
      "text": "Vestibulum porta enim vitae arcu molestie fringilla. Nam non pretium odio, id pretium lectus. Nam dapibus lacinia scelerisque.",
      "added_at": "2022-12-28 22:56:30",
      "author_id": 2,
      "question_id": 19
    }
  },
  {
    "model": "qa.answer",
    "pk": 20,
    "fields": {
      "text": "Maecenas placerat, arcu at dictum congue, lorem augue commodo purus, sed blandit neque urna facilisis leo. Praesent nec vehicula dui.",
      "added_at": "2022-12-28 22:56:35",
      "author_id": 2,
      "question_id": 19
    }
  }
]